game_id,season,type,away_team_id,home_team_id,outcome
2017020812,20172018,R,24,7,away win OT
2017020586,20172018,R,20,24,home win REG
2017020240,20172018,R,23,24,home win REG
2017020624,20172018,R,29,21,home win REG
2017020221,20172018,R,52,25,away win REG
2017020731,20172018,R,2,53,home win OT
2017020986,20172018,R,14,25,away win OT
2017021124,20172018,R,22,12,away win REG
2017020146,20172018,R,2,30,home win REG
2017020001,20172018,R,10,52,away win REG
2017020482,20172018,R,1,8,home win OT
2017020706,20172018,R,8,15,away win REG
2017021076,20172018,R,22,20,home win REG
2017021046,20172018,R,24,25,home win REG
2017020214,20172018,R,21,2,home win REG
2017020285,20172018,R,15,21,home win REG
2017020423,20172018,R,12,23,home win REG
2017020930,20172018,R,2,10,home win SO
2017020301,20172018,R,30,15,home win REG
2017021066,20172018,R,8,29,home win REG
2017021087,20172018,R,6,13,home win REG
2017020625,20172018,R,26,20,home win REG
2017020138,20172018,R,28,6,home win REG
2017020020,20172018,R,7,2,home win REG
2017021170,20172018,R,15,3,away win REG
2017021025,20172018,R,25,18,home win REG
2017020540,20172018,R,30,13,home win REG
2017020699,20172018,R,25,29,home win SO
2017020506,20172018,R,18,20,away win REG
2017021194,20172018,R,28,18,home win REG
2017020342,20172018,R,9,29,home win REG
2017021257,20172018,R,3,4,home win REG
2017021255,20172018,R,19,16,away win REG
2017021010,20172018,R,16,24,home win REG
2017020853,20172018,R,5,19,away win REG
2017020696,20172018,R,6,2,away win REG
2017020164,20172018,R,5,30,home win REG
2017020059,20172018,R,3,29,home win REG
2017020953,20172018,R,7,15,home win REG
2017020952,20172018,R,2,1,home win REG
2017020562,20172018,R,29,5,home win SO
2017021081,20172018,R,1,54,away win REG
2017020955,20172018,R,52,25,away win REG
2017021218,20172018,R,6,4,home win OT
2017020058,20172018,R,15,1,away win REG
2017020614,20172018,R,9,17,home win OT
2017020728,20172018,R,9,30,home win REG
2017020813,20172018,R,54,5,home win REG
2017020987,20172018,R,18,22,away win REG
2017020154,20172018,R,25,20,away win REG
2017020911,20172018,R,25,28,home win REG
2017020065,20172018,R,1,3,away win REG
2017021065,20172018,R,52,15,home win OT
2017020715,20172018,R,53,19,away win REG
2017020067,20172018,R,13,5,home win REG
2017020404,20172018,R,24,18,home win SO
2017020118,20172018,R,12,25,home win REG
2017020161,20172018,R,53,1,home win REG
2017020046,20172018,R,1,10,away win REG
2017020582,20172018,R,2,52,home win REG
2017020375,20172018,R,53,22,home win OT
2017020918,20172018,R,13,10,home win REG
2017020019,20172018,R,21,1,home win REG
2017020455,20172018,R,12,26,home win OT
2017020810,20172018,R,3,25,home win REG
2017020555,20172018,R,15,54,home win REG
2017021114,20172018,R,25,52,home win REG
2017020671,20172018,R,17,5,home win REG
2017020239,20172018,R,17,20,home win REG
2017020811,20172018,R,14,22,home win REG
2017020411,20172018,R,53,54,home win OT
2017020675,20172018,R,21,25,away win REG
2017020012,20172018,R,4,26,home win REG
2017020890,20172018,R,4,29,away win OT
2017020679,20172018,R,3,5,home win REG
2017021014,20172018,R,29,28,away win REG
2017021267,20172018,R,24,53,away win REG
2017020013,20172018,R,2,29,home win REG
2017021157,20172018,R,14,1,home win REG
2017020736,20172018,R,9,19,home win REG
2017020836,20172018,R,20,3,home win REG
2017021226,20172018,R,15,19,away win REG
2017020432,20172018,R,20,8,away win OT
2017020156,20172018,R,26,6,away win OT
2017020005,20172018,R,18,6,home win REG
2017020823,20172018,R,18,10,home win SO
2017020981,20172018,R,20,21,home win REG
2017020462,20172018,R,21,5,away win REG
2017021125,20172018,R,13,9,away win REG
2017020465,20172018,R,12,24,home win REG
2017020550,20172018,R,7,12,home win REG
2017020254,20172018,R,13,1,home win REG
2017021204,20172018,R,26,24,home win OT
2017021171,20172018,R,9,12,home win REG
2017020441,20172018,R,54,18,away win SO
2017020063,20172018,R,10,8,away win OT
2017020050,20172018,R,20,26,away win OT
2017020539,20172018,R,4,7,home win REG
2017020284,20172018,R,4,52,home win SO
2017020450,20172018,R,10,5,away win REG
2017020531,20172018,R,24,2,away win OT
2017020486,20172018,R,13,21,home win REG
2017020197,20172018,R,10,26,home win REG
2017020800,20172018,R,3,18,home win REG
2017020831,20172018,R,21,19,home win REG
2017020280,20172018,R,53,8,away win REG
2017020064,20172018,R,19,14,home win REG
2017020072,20172018,R,6,53,away win REG
2017020243,20172018,R,6,10,home win OT
2017020086,20172018,R,21,18,home win REG
2017020682,20172018,R,23,30,away win OT
2017021061,20172018,R,25,5,home win REG
2017020371,20172018,R,12,29,home win SO
2017020819,20172018,R,30,19,away win REG
2017020261,20172018,R,22,15,home win SO
2017020454,20172018,R,9,28,home win REG
2017021091,20172018,R,17,26,home win REG
2017020590,20172018,R,12,19,home win REG
2017020949,20172018,R,14,8,away win SO
2017021265,20172018,R,29,18,home win REG
2017021209,20172018,R,52,10,away win REG
2017020330,20172018,R,25,21,home win REG
2017020410,20172018,R,25,21,away win REG
2017020740,20172018,R,26,23,home win REG
2017020940,20172018,R,25,26,away win REG
2017020565,20172018,R,25,30,home win REG
2017020824,20172018,R,6,3,away win REG
2017020480,20172018,R,7,4,home win REG
2017020882,20172018,R,7,9,home win OT
2017021088,20172018,R,21,19,away win REG
2017020588,20172018,R,8,13,home win REG
2017020226,20172018,R,53,5,home win REG
2017020388,20172018,R,5,7,away win REG
2017020514,20172018,R,5,21,home win REG
2017020626,20172018,R,24,22,home win SO
2017020109,20172018,R,8,24,home win REG
2017020883,20172018,R,17,14,home win REG
2017021071,20172018,R,6,12,away win REG
2017020900,20172018,R,8,54,home win REG
2017021038,20172018,R,8,13,home win REG
2017021101,20172018,R,8,10,home win REG
2017020529,20172018,R,52,6,home win SO
2017020396,20172018,R,6,4,away win REG
2017020621,20172018,R,54,19,home win REG
2017020600,20172018,R,52,22,away win REG
2017020296,20172018,R,13,26,home win REG
2017020754,20172018,R,10,25,away win REG
2017020228,20172018,R,18,29,away win REG
2017020941,20172018,R,30,3,away win REG
2017020083,20172018,R,13,4,home win REG
2017021040,20172018,R,12,16,away win REG
2017020004,20172018,R,4,28,away win REG
2017020329,20172018,R,8,18,home win SO
2017020219,20172018,R,29,3,home win REG
2017020776,20172018,R,19,6,home win REG
2017020447,20172018,R,52,14,home win OT
2017021175,20172018,R,21,54,home win REG
2017020757,20172018,R,7,23,away win REG
2017021024,20172018,R,13,14,home win OT
2017020584,20172018,R,10,21,home win OT
2017020430,20172018,R,53,6,home win REG
2017020884,20172018,R,20,18,away win REG
2017020181,20172018,R,4,16,home win REG
2017021041,20172018,R,2,22,home win SO
2017021104,20172018,R,9,29,home win REG
2017021239,20172018,R,16,19,away win REG
2017020790,20172018,R,28,29,away win REG
2017021119,20172018,R,26,30,away win OT
2017020199,20172018,R,18,24,away win REG
2017020051,20172018,R,5,14,home win REG
2017020795,20172018,R,19,7,away win REG
2017021126,20172018,R,4,17,home win SO
2017021271,20172018,R,30,28,away win REG
2017020542,20172018,R,15,53,home win OT
2017020718,20172018,R,2,16,away win REG
2017021200,20172018,R,10,2,away win REG
2017020685,20172018,R,28,26,away win REG
2017021201,20172018,R,14,3,away win REG
2017020136,20172018,R,7,29,home win REG
2017020807,20172018,R,28,12,away win REG
2017020247,20172018,R,9,21,away win OT
2017020380,20172018,R,52,21,home win OT
2017020627,20172018,R,18,53,home win OT
2017020712,20172018,R,6,8,away win REG
2017020839,20172018,R,23,12,home win REG
2017020821,20172018,R,20,16,away win REG
2017020765,20172018,R,9,12,home win REG
2017020804,20172018,R,53,26,home win REG
2017020317,20172018,R,22,19,home win REG
2017020638,20172018,R,14,9,home win REG
2017020881,20172018,R,26,5,home win REG
2017021001,20172018,R,19,25,home win OT
2017020598,20172018,R,53,24,home win REG
2017020710,20172018,R,3,21,home win REG
2017021105,20172018,R,3,19,home win OT
2017020203,20172018,R,3,13,away win OT
2017020711,20172018,R,52,20,away win SO
2017020092,20172018,R,17,10,home win REG
2017020888,20172018,R,22,54,home win REG
2017020778,20172018,R,4,1,home win REG
2017020652,20172018,R,29,10,away win OT
2017020325,20172018,R,9,15,home win REG
2017020424,20172018,R,24,54,home win SO
2017021074,20172018,R,52,18,home win REG
2017020062,20172018,R,17,54,away win REG
2017021225,20172018,R,12,13,home win REG
2017020921,20172018,R,14,15,away win REG
2017020972,20172018,R,10,13,home win OT
2017020116,20172018,R,13,15,away win REG
2017020160,20172018,R,17,13,away win SO
2017021205,20172018,R,19,54,home win OT
2017020854,20172018,R,3,52,away win REG
2017021023,20172018,R,54,29,home win REG
2017020971,20172018,R,9,15,home win REG
2017020923,20172018,R,28,19,away win REG
2017021138,20172018,R,53,12,home win REG
2017020617,20172018,R,28,10,home win SO
2017021093,20172018,R,25,9,home win OT
2017020087,20172018,R,29,52,away win REG
2017020120,20172018,R,30,20,away win REG
2017020722,20172018,R,54,12,away win REG
2017020545,20172018,R,30,14,home win REG
2017020054,20172018,R,30,16,away win REG
2017020315,20172018,R,24,28,away win SO
2017020769,20172018,R,14,52,home win REG
2017020157,20172018,R,4,10,away win REG
2017021270,20172018,R,25,26,away win REG
2017020762,20172018,R,1,7,away win REG
2017021107,20172018,R,28,23,away win REG
2017021152,20172018,R,20,28,home win REG
2017020904,20172018,R,6,23,home win REG
2017020681,20172018,R,17,16,away win REG
2017020466,20172018,R,9,7,home win REG
2017021210,20172018,R,2,1,home win REG
2017020523,20172018,R,13,53,away win REG
2017020107,20172018,R,5,13,away win REG
2017020863,20172018,R,16,53,home win REG
2017020766,20172018,R,30,29,away win SO
2017020982,20172018,R,3,23,away win OT
2017020288,20172018,R,6,26,away win REG
2017021100,20172018,R,1,26,away win REG
2017021195,20172018,R,25,30,home win REG
2017020772,20172018,R,21,23,home win OT
2017020144,20172018,R,17,14,home win REG
2017021206,20172018,R,13,6,home win REG
2017021269,20172018,R,23,22,home win SO
2017020885,20172018,R,15,30,away win REG
2017020334,20172018,R,5,6,home win REG
2017020030,20172018,R,26,28,away win REG
2017020580,20172018,R,5,12,home win REG
2017020719,20172018,R,14,30,home win REG
2017020670,20172018,R,2,3,away win REG
2017021003,20172018,R,8,6,home win OT
2017020456,20172018,R,22,10,home win REG
2017020208,20172018,R,16,30,away win REG
2017020339,20172018,R,22,7,home win REG
2017020003,20172018,R,20,22,home win REG
2017021211,20172018,R,8,5,home win REG
2017020113,20172018,R,10,9,home win REG
2017020518,20172018,R,17,2,away win REG
2017020840,20172018,R,19,52,away win REG
2017020212,20172018,R,24,28,home win SO
2017020117,20172018,R,26,29,away win REG
2017020870,20172018,R,24,17,home win REG
2017020304,20172018,R,6,28,away win REG
2017020365,20172018,R,30,52,home win REG
2017020983,20172018,R,5,6,home win REG
2017020782,20172018,R,26,18,home win REG
2017021159,20172018,R,7,3,home win REG
2017020817,20172018,R,6,17,away win REG
2017020412,20172018,R,28,15,home win REG
2017020723,20172018,R,23,52,home win REG
2017021190,20172018,R,14,6,home win REG
2017020337,20172018,R,52,24,away win REG
2017020896,20172018,R,24,30,away win SO
2017020835,20172018,R,17,2,home win OT
2017020496,20172018,R,22,30,away win REG
2017020927,20172018,R,9,16,home win SO
2017021059,20172018,R,6,16,home win REG
2017020438,20172018,R,12,28,home win OT
2017020564,20172018,R,18,19,away win REG
2017020084,20172018,R,10,15,away win REG
2017020735,20172018,R,4,17,away win OT
2017020145,20172018,R,24,13,home win REG
2017020789,20172018,R,17,12,away win REG
2017021080,20172018,R,28,22,away win OT
2017020630,20172018,R,13,17,home win REG
2017020354,20172018,R,30,19,home win REG
2017020978,20172018,R,2,8,home win REG
2017020127,20172018,R,24,4,away win REG
2017020419,20172018,R,52,17,home win REG
2017020528,20172018,R,19,20,home win REG
2017021112,20172018,R,15,4,home win REG
2017021133,20172018,R,8,5,home win REG
2017021256,20172018,R,25,24,home win REG
2017020727,20172018,R,17,1,away win REG
2017020311,20172018,R,53,10,away win REG
2017020783,20172018,R,54,52,away win OT
2017020734,20172018,R,21,8,home win REG
2017020047,20172018,R,5,15,away win REG
2017020398,20172018,R,17,8,home win REG
2017020405,20172018,R,1,53,home win REG
2017021118,20172018,R,13,8,away win REG
2017020648,20172018,R,23,8,home win REG
2017020250,20172018,R,10,6,away win REG
2017020194,20172018,R,12,21,home win REG
2017020677,20172018,R,24,26,away win REG
2017021192,20172018,R,5,1,away win OT
2017021006,20172018,R,9,53,home win REG
2017021165,20172018,R,18,52,home win SO
2017020445,20172018,R,22,8,away win REG
2017020917,20172018,R,24,54,away win REG
2017020806,20172018,R,9,8,home win REG
2017020537,20172018,R,21,26,home win OT
2017020236,20172018,R,16,4,home win REG
2017020096,20172018,R,2,3,away win SO
2017020519,20172018,R,24,3,home win REG
2017020322,20172018,R,6,1,away win SO
2017021109,20172018,R,20,54,home win REG
2017020071,20172018,R,18,16,home win OT
2017021102,20172018,R,6,14,away win REG
2017020788,20172018,R,15,5,home win REG
2017020851,20172018,R,22,28,home win REG
2017020245,20172018,R,12,29,away win REG
2017020943,20172018,R,52,19,away win REG
2017020403,20172018,R,13,12,home win OT
2017020826,20172018,R,2,7,home win REG
2017021017,20172018,R,9,25,away win OT
2017020932,20172018,R,29,4,home win REG
2017021189,20172018,R,53,54,away win REG
2017020962,20172018,R,22,24,away win SO
2017020205,20172018,R,10,19,home win REG
2017020867,20172018,R,1,4,away win SO
2017020009,20172018,R,30,17,home win REG
2017020494,20172018,R,10,17,home win REG
2017020761,20172018,R,24,6,away win REG
2017020993,20172018,R,1,12,home win REG
2017020349,20172018,R,7,8,home win REG
2017020345,20172018,R,20,25,home win REG
2017020570,20172018,R,8,14,home win REG
2017021060,20172018,R,2,20,away win REG
2017020132,20172018,R,20,18,away win SO
2017020381,20172018,R,26,15,away win REG
2017020847,20172018,R,21,12,home win REG
2017021215,20172018,R,19,53,home win REG
2017020319,20172018,R,30,7,away win REG
2017020393,20172018,R,26,19,away win REG
2017020660,20172018,R,9,10,away win REG
2017020098,20172018,R,14,29,away win REG
2017020929,20172018,R,20,54,home win REG
2017020504,20172018,R,5,53,away win REG
2017020809,20172018,R,18,2,away win OT
2017020251,20172018,R,7,8,home win OT
2017020061,20172018,R,9,20,away win REG
2017020604,20172018,R,5,4,away win REG
2017020056,20172018,R,17,53,away win REG
2017020716,20172018,R,13,18,home win REG
2017020990,20172018,R,16,28,home win REG
2017020908,20172018,R,5,29,away win REG
2017020446,20172018,R,19,17,away win REG
2017020775,20172018,R,4,15,home win REG
2017020566,20172018,R,22,52,home win REG
2017020162,20172018,R,29,19,home win REG
2017020988,20172018,R,30,53,home win REG
2017020391,20172018,R,24,29,home win REG
2017021160,20172018,R,19,29,away win REG
2017020837,20172018,R,29,15,home win REG
2017020045,20172018,R,53,54,home win REG
2017020348,20172018,R,15,10,away win REG
2017021007,20172018,R,3,22,away win REG
2017020172,20172018,R,6,29,home win SO
2017020658,20172018,R,22,18,home win REG
2017020991,20172018,R,8,2,away win REG
2017020022,20172018,R,8,15,home win REG
2017020431,20172018,R,2,5,home win OT
2017020155,20172018,R,28,7,away win REG
2017020007,20172018,R,21,3,away win REG
2017020414,20172018,R,6,18,home win REG
2017020091,20172018,R,8,28,home win REG
2017021214,20172018,R,30,25,home win REG
2017020475,20172018,R,3,9,home win REG
2017020126,20172018,R,53,2,home win REG
2017020895,20172018,R,3,9,home win REG
2017020667,20172018,R,15,12,away win REG
2017020089,20172018,R,12,22,away win REG
2017020481,20172018,R,2,29,home win REG
2017020948,20172018,R,6,10,home win REG
2017020093,20172018,R,16,19,home win REG
2017020202,20172018,R,29,14,home win SO
2017020167,20172018,R,24,12,away win SO
2017020738,20172018,R,13,25,home win REG
2017020292,20172018,R,20,4,away win OT
2017020242,20172018,R,13,7,away win REG
2017020803,20172018,R,14,23,away win REG
2017020502,20172018,R,24,15,home win OT
2017020845,20172018,R,18,8,away win SO
2017021168,20172018,R,7,10,away win REG
2017020729,20172018,R,14,16,away win REG
2017020509,20172018,R,20,23,away win REG
2017020103,20172018,R,25,53,away win REG
2017020768,20172018,R,16,18,away win REG
2017020635,20172018,R,30,21,home win REG
2017020544,20172018,R,52,2,home win REG
2017020764,20172018,R,28,5,home win REG
2017020324,20172018,R,23,5,away win REG
2017021196,20172018,R,52,16,home win REG
2017020861,20172018,R,14,10,home win REG
2017020386,20172018,R,53,20,home win REG
2017020787,20172018,R,16,23,home win REG
2017020397,20172018,R,19,30,home win OT
2017020179,20172018,R,53,17,home win REG
2017020919,20172018,R,29,1,away win REG
2017020860,20172018,R,28,24,away win SO
2017020407,20172018,R,22,20,away win REG
2017020852,20172018,R,17,15,away win OT
2017020578,20172018,R,3,17,home win SO
2017020444,20172018,R,2,6,home win REG
2017021019,20172018,R,2,23,home win OT
2017020171,20172018,R,53,4,away win OT
2017021228,20172018,R,21,26,home win REG
2017020015,20172018,R,54,25,away win REG
2017020182,20172018,R,5,22,away win REG
2017020474,20172018,R,12,54,away win SO
2017020492,20172018,R,25,1,home win REG
2017020451,20172018,R,53,29,home win REG
2017021098,20172018,R,16,7,home win REG
2017020165,20172018,R,16,21,home win REG
2017021146,20172018,R,8,7,away win REG
2017021227,20172018,R,22,30,home win REG
2017020902,20172018,R,15,16,home win REG
2017020950,20172018,R,12,17,home win REG
2017020124,20172018,R,28,3,away win REG
2017020283,20172018,R,18,30,home win REG
2017020318,20172018,R,8,25,home win REG
2017020074,20172018,R,20,23,away win REG
2017020195,20172018,R,5,20,home win OT
2017020601,20172018,R,3,7,away win OT
2017020077,20172018,R,6,54,home win REG
2017021184,20172018,R,29,22,away win REG
2017020209,20172018,R,12,53,home win SO
2017021021,20172018,R,8,1,home win REG
2017020606,20172018,R,28,8,away win REG
2017020390,20172018,R,12,3,home win REG
2017021220,20172018,R,1,8,away win REG
2017021097,20172018,R,30,54,away win REG
2017020150,20172018,R,9,1,home win SO
2017020234,20172018,R,14,28,away win REG
2017020893,20172018,R,19,25,home win REG
2017020733,20172018,R,12,5,home win REG
2017020256,20172018,R,16,12,away win OT
2017020442,20172018,R,7,16,home win OT
2017020303,20172018,R,19,23,away win OT
2017021268,20172018,R,54,20,home win REG
2017020037,20172018,R,52,22,away win REG
2017020231,20172018,R,26,24,away win OT
2017020102,20172018,R,12,20,away win REG
2017020561,20172018,R,15,3,home win SO
2017020805,20172018,R,54,15,away win REG
2017021174,20172018,R,28,16,away win SO
2017020669,20172018,R,22,53,away win REG
2017020791,20172018,R,54,30,home win REG
2017020180,20172018,R,52,30,away win REG
2017020534,20172018,R,12,18,away win REG
2017020114,20172018,R,5,14,home win REG
2017021113,20172018,R,19,16,away win OT
2017020749,20172018,R,12,8,away win REG
2017021084,20172018,R,15,2,away win REG
2017020185,20172018,R,18,28,home win REG
2017020747,20172018,R,14,4,away win REG
2017020382,20172018,R,8,17,away win REG
2017020141,20172018,R,52,5,home win OT
2017020464,20172018,R,23,52,home win REG
2017021094,20172018,R,18,21,away win REG
2017020959,20172018,R,19,18,home win REG
2017020503,20172018,R,29,12,home win REG
2017020676,20172018,R,22,54,away win OT
2017021263,20172018,R,14,12,home win OT
2017020763,20172018,R,13,2,away win REG
2017020869,20172018,R,26,12,home win REG
2017021033,20172018,R,52,1,away win REG
2017020314,20172018,R,1,30,away win OT
2017021222,20172018,R,21,24,home win OT
2017020707,20172018,R,26,24,home win REG
2017021078,20172018,R,25,10,home win SO
2017020737,20172018,R,14,18,away win OT
2017020140,20172018,R,53,3,home win REG
2017021143,20172018,R,23,16,away win REG
2017020372,20172018,R,26,17,away win REG
2017020956,20172018,R,24,53,home win REG
2017020272,20172018,R,53,52,home win REG
2017020741,20172018,R,29,54,home win REG
2017020133,20172018,R,23,30,away win REG
2017020449,20172018,R,1,3,home win REG
2017020960,20172018,R,17,3,away win OT
2017020307,20172018,R,9,3,home win REG
2017020189,20172018,R,3,14,away win OT
2017020659,20172018,R,20,30,away win OT
2017021246,20172018,R,8,17,away win REG
2017020587,20172018,R,6,9,away win REG
2017021129,20172018,R,21,16,away win REG
2017020603,20172018,R,6,2,away win REG
2017020857,20172018,R,6,1,away win REG
2017021207,20172018,R,9,17,home win REG
2017020596,20172018,R,28,25,home win REG
2017020877,20172018,R,8,21,home win REG
2017021231,20172018,R,17,29,home win OT
2017020196,20172018,R,7,53,away win REG
2017020277,20172018,R,6,24,home win REG
2017021120,20172018,R,20,53,home win REG
2017020178,20172018,R,54,3,home win REG
2017020159,20172018,R,24,14,away win REG
2017020429,20172018,R,9,24,home win REG
2017021180,20172018,R,28,19,home win OT
2017021145,20172018,R,54,28,home win OT
2017020794,20172018,R,10,6,home win REG
2017020387,20172018,R,10,22,away win REG
2017020469,20172018,R,21,15,home win REG
2017021070,20172018,R,17,28,home win REG
2017020799,20172018,R,21,52,home win REG
2017020920,20172018,R,8,4,home win OT
2017020188,20172018,R,17,9,home win REG
2017020515,20172018,R,28,22,home win REG
2017020401,20172018,R,29,15,home win REG
2017021163,20172018,R,4,5,home win OT
2017020206,20172018,R,8,52,away win OT
2017020129,20172018,R,14,12,away win REG
2017021128,20172018,R,26,52,home win OT
2017020312,20172018,R,20,15,away win REG
2017020641,20172018,R,18,26,away win REG
2017021092,20172018,R,2,15,home win REG
2017020760,20172018,R,3,28,away win REG
2017020525,20172018,R,14,54,home win REG
2017021075,20172018,R,21,30,away win REG
2017021233,20172018,R,6,14,home win REG
2017021244,20172018,R,18,15,away win REG
2017020498,20172018,R,8,9,home win REG
2017020563,20172018,R,8,12,home win REG
2017020631,20172018,R,7,52,home win REG
2017020204,20172018,R,21,4,away win SO
2017020684,20172018,R,24,21,home win REG
2017020802,20172018,R,16,20,home win OT
2017020040,20172018,R,29,12,away win OT
2017020905,20172018,R,4,3,away win REG
2017020246,20172018,R,2,25,home win REG
2017020305,20172018,R,2,12,home win REG
2017020759,20172018,R,52,24,home win SO
2017020558,20172018,R,9,6,home win REG
2017021198,20172018,R,22,23,home win REG
2017020549,20172018,R,24,5,away win REG
2017020814,20172018,R,4,12,away win OT
2017021030,20172018,R,5,4,away win REG
2017020306,20172018,R,21,17,away win OT
2017021015,20172018,R,10,7,home win REG
2017020879,20172018,R,12,1,home win REG
2017020848,20172018,R,1,29,home win REG
2017020942,20172018,R,5,12,away win REG
2017020192,20172018,R,8,30,home win REG
2017020758,20172018,R,2,54,away win REG
2017020744,20172018,R,10,16,away win OT
2017020822,20172018,R,28,21,home win REG
2017020149,20172018,R,21,54,home win REG
2017020467,20172018,R,26,1,home win REG
2017020039,20172018,R,19,3,away win REG
2017020746,20172018,R,18,1,away win REG
2017021053,20172018,R,19,26,away win REG
2017020384,20172018,R,54,30,home win REG
2017020282,20172018,R,25,14,home win REG
2017020028,20172018,R,22,23,home win REG
2017020701,20172018,R,54,14,away win REG
2017020201,20172018,R,15,6,away win REG
2017021111,20172018,R,12,2,away win REG
2017020535,20172018,R,16,25,home win REG
2017021161,20172018,R,18,30,home win REG
2017021186,20172018,R,13,10,home win REG
2017020687,20172018,R,19,10,away win OT
2017020786,20172018,R,25,53,away win REG
2017021127,20172018,R,10,14,home win REG
2017020832,20172018,R,53,30,away win OT
2017021191,20172018,R,17,7,away win REG
2017021237,20172018,R,25,28,away win REG
2017020777,20172018,R,13,7,away win REG
2017021232,20172018,R,52,8,away win OT
2017020742,20172018,R,3,24,home win REG
2017021183,20172018,R,4,25,home win OT
2017020057,20172018,R,7,28,home win REG
2017021187,20172018,R,3,15,home win OT
2017020218,20172018,R,54,10,home win SO
2017020536,20172018,R,19,22,home win REG
2017020865,20172018,R,14,7,home win REG
2017020316,20172018,R,23,4,away win REG
2017021264,20172018,R,16,52,home win REG
2017021208,20172018,R,29,23,home win OT
2017020827,20172018,R,20,1,away win REG
2017020248,20172018,R,52,54,home win REG
2017020876,20172018,R,29,10,home win REG
2017020838,20172018,R,26,13,away win REG
2017021238,20172018,R,9,7,away win REG
2017021164,20172018,R,23,25,away win REG
2017020613,20172018,R,18,54,home win REG
2017020079,20172018,R,2,26,home win REG
2017021135,20172018,R,24,20,away win REG
2017021016,20172018,R,20,5,home win OT
2017021037,20172018,R,3,14,home win REG
2017020361,20172018,R,22,6,away win REG
2017020291,20172018,R,7,17,home win REG
2017021050,20172018,R,8,14,home win SO
2017020841,20172018,R,5,25,home win SO
2017020846,20172018,R,26,14,home win REG
2017020833,20172018,R,25,16,away win REG
2017020903,20172018,R,13,20,away win REG
2017020416,20172018,R,3,5,away win REG
2017020688,20172018,R,1,2,away win REG
2017020721,20172018,R,4,15,away win OT
2017020520,20172018,R,30,9,away win REG
2017021259,20172018,R,8,10,home win REG
2017020163,20172018,R,2,18,away win REG
2017020997,20172018,R,18,23,away win OT
2017020399,20172018,R,28,14,home win REG
2017020992,20172018,R,7,13,home win REG
2017021054,20172018,R,15,28,away win REG
2017021248,20172018,R,20,52,home win REG
2017021047,20172018,R,30,23,away win REG
2017020413,20172018,R,2,13,away win SO
2017020560,20172018,R,7,2,home win OT
2017021241,20172018,R,10,1,home win REG
2017020609,20172018,R,29,25,away win REG
2017021212,20172018,R,3,12,away win REG
2017020637,20172018,R,23,10,home win SO
2017020644,20172018,R,19,15,home win OT
2017020605,20172018,R,15,12,away win OT
2017020577,20172018,R,29,9,home win REG
2017020278,20172018,R,1,10,home win OT
2017020289,20172018,R,13,28,away win REG
2017021158,20172018,R,16,2,away win REG
2017020961,20172018,R,28,30,home win OT
2017020081,20172018,R,14,1,home win SO
2017021147,20172018,R,1,5,away win OT
2017020792,20172018,R,24,8,home win REG
2017020433,20172018,R,21,14,home win REG
2017020360,20172018,R,23,3,home win SO
2017020222,20172018,R,17,23,away win REG
2017020548,20172018,R,10,3,away win REG
2017020622,20172018,R,7,30,home win REG
2017020491,20172018,R,12,7,away win OT
2017020984,20172018,R,12,4,away win REG
2017020538,20172018,R,23,28,home win OT
2017020771,20172018,R,54,20,away win REG
2017020977,20172018,R,22,28,home win REG
2017020599,20172018,R,16,20,home win OT
2017020274,20172018,R,23,26,away win REG
2017020668,20172018,R,52,16,home win REG
2017021229,20172018,R,3,1,home win REG
2017020076,20172018,R,2,28,away win REG
2017020527,20172018,R,17,4,home win REG
2017021090,20172018,R,18,53,away win REG
2017020090,20172018,R,7,54,home win OT
2017020477,20172018,R,6,17,away win OT
2017021148,20172018,R,23,19,home win REG
2017020358,20172018,R,24,26,home win SO
2017020101,20172018,R,19,21,away win REG
2017021051,20172018,R,52,4,home win REG
2017021108,20172018,R,17,21,home win REG
2017020748,20172018,R,30,5,home win REG
2017020589,20172018,R,1,15,home win REG
2017020511,20172018,R,29,6,home win REG
2017020263,20172018,R,14,24,away win REG
2017020616,20172018,R,13,6,away win REG
2017020623,20172018,R,1,25,home win REG
2017020331,20172018,R,28,53,away win REG
2017020973,20172018,R,19,30,home win REG
2017020200,20172018,R,54,9,away win REG
2017021156,20172018,R,53,13,home win REG
2017020100,20172018,R,22,16,away win OT
2017020662,20172018,R,29,7,home win REG
2017020916,20172018,R,26,16,away win REG
2017020647,20172018,R,13,29,home win SO
2017020112,20172018,R,7,6,away win OT
2017020926,20172018,R,21,23,away win OT
2017020216,20172018,R,1,20,home win SO
2017020055,20172018,R,52,23,away win REG
2017020034,20172018,R,1,7,away win REG
2017020097,20172018,R,18,4,away win REG
2017020302,20172018,R,21,18,home win REG
2017021172,20172018,R,17,8,home win REG
2017020569,20172018,R,6,15,home win SO
2017020610,20172018,R,52,21,home win OT
2017020111,20172018,R,22,4,home win REG
2017020134,20172018,R,25,21,home win REG
2017020473,20172018,R,13,16,home win OT
2017021039,20172018,R,24,18,home win REG
2017020249,20172018,R,22,3,home win REG
2017020237,20172018,R,30,8,away win REG
2017020207,20172018,R,7,25,home win REG
2017020173,20172018,R,8,9,away win REG
2017020122,20172018,R,23,17,away win REG
2017020235,20172018,R,22,1,away win OT
2017021197,20172018,R,29,20,away win REG
2017020453,20172018,R,23,20,home win REG
2017020703,20172018,R,28,21,home win REG
2017020935,20172018,R,7,17,away win OT
2017020370,20172018,R,28,4,away win REG
2017020269,20172018,R,25,13,home win SO
2017021042,20172018,R,15,26,home win REG
2017020797,20172018,R,5,1,home win REG
2017021202,20172018,R,12,15,away win REG
2017021179,20172018,R,5,17,home win REG
2017020457,20172018,R,53,16,home win REG
2017020295,20172018,R,1,52,home win REG
2017020573,20172018,R,16,23,home win REG
2017020426,20172018,R,20,10,home win SO
2017020889,20172018,R,23,28,home win REG
2017020367,20172018,R,14,7,away win REG
2017020914,20172018,R,6,20,away win OT
2017020674,20172018,R,52,30,home win REG
2017021000,20172018,R,4,14,home win SO
2017020645,20172018,R,22,16,home win REG
2017020128,20172018,R,22,5,home win OT
2017020176,20172018,R,25,23,away win OT
2017020271,20172018,R,4,30,home win REG
2017020427,20172018,R,16,15,home win REG
2017021022,20172018,R,52,3,away win REG
2017020581,20172018,R,18,30,home win REG
2017020937,20172018,R,28,18,home win REG
2017021139,20172018,R,13,29,home win REG
2017020862,20172018,R,13,22,away win REG
2017020041,20172018,R,16,8,away win REG
2017020340,20172018,R,23,1,home win REG
2017020934,20172018,R,14,9,away win REG
2017020780,20172018,R,8,12,home win REG
2017021166,20172018,R,6,30,away win OT
2017020217,20172018,R,30,6,home win REG
2017020532,20172018,R,29,5,home win SO
2017020137,20172018,R,20,19,home win REG
2017020708,20172018,R,25,7,away win REG
2017020359,20172018,R,18,12,home win SO
2017020115,20172018,R,28,2,home win REG
2017020980,20172018,R,17,19,home win REG
2017021044,20172018,R,17,29,home win REG
2017020964,20172018,R,15,29,home win REG
2017020043,20172018,R,17,25,home win REG
2017021005,20172018,R,10,15,home win REG
2017020485,20172018,R,16,52,away win REG
2017020628,20172018,R,5,2,away win REG
2017021063,20172018,R,12,3,home win REG
2017020556,20172018,R,19,23,away win REG
2017020377,20172018,R,14,6,home win REG
2017020038,20172018,R,20,24,away win REG
2017020374,20172018,R,10,20,away win REG
2017021219,20172018,R,18,14,away win REG
2017020268,20172018,R,29,8,away win OT
2017020139,20172018,R,12,10,away win REG
2017020745,20172018,R,26,20,away win OT
2017020816,20172018,R,1,9,home win REG
2017021069,20172018,R,23,26,home win REG
2017020395,20172018,R,1,21,away win REG
2017021011,20172018,R,54,1,away win REG
2017020320,20172018,R,22,17,away win REG
2017020341,20172018,R,17,3,home win OT
2017020119,20172018,R,16,53,away win REG
2017021261,20172018,R,7,13,home win REG
2017020697,20172018,R,7,3,home win REG
2017020969,20172018,R,12,6,home win OT
2017020655,20172018,R,16,9,away win REG
2017020691,20172018,R,54,18,home win REG
2017020220,20172018,R,53,15,home win OT
2017021155,20172018,R,12,9,away win REG
2017020755,20172018,R,20,22,home win SO
2017020459,20172018,R,30,28,away win OT
2017021134,20172018,R,6,19,home win OT
2017020643,20172018,R,7,4,home win REG
2017020258,20172018,R,5,18,home win SO
2017020255,20172018,R,30,4,away win REG
2017020369,20172018,R,13,3,away win REG
2017021150,20172018,R,6,25,away win REG
2017020843,20172018,R,7,6,away win REG
2017020689,20172018,R,4,3,home win REG
2017021221,20172018,R,15,5,away win REG
2017020576,20172018,R,7,1,away win OT
2017020191,20172018,R,4,19,away win REG
2017020698,20172018,R,10,4,home win OT
2017021043,20172018,R,19,28,home win REG
2017021123,20172018,R,25,15,home win REG
2017020595,20172018,R,5,17,home win REG
2017020510,20172018,R,13,54,home win REG
2017020694,20172018,R,5,24,home win REG
2017020597,20172018,R,2,21,home win REG
2017020650,20172018,R,6,5,home win OT
2017020866,20172018,R,29,2,away win REG
2017020526,20172018,R,10,29,home win REG
2017020910,20172018,R,13,52,home win REG
2017021224,20172018,R,52,9,away win REG
2017020281,20172018,R,5,9,away win REG
2017021062,20172018,R,23,53,home win REG
2017020293,20172018,R,53,9,away win OT
2017020471,20172018,R,14,19,away win REG
2017020006,20172018,R,8,7,away win SO
2017020031,20172018,R,8,3,home win REG
2017021137,20172018,R,3,4,home win REG
2017021121,20172018,R,5,2,home win REG
2017020105,20172018,R,28,1,away win REG
2017021082,20172018,R,23,24,home win REG
2017020383,20172018,R,23,18,away win REG
2017021122,20172018,R,29,3,away win REG
2017020820,20172018,R,53,52,home win REG
2017020552,20172018,R,8,22,home win REG
2017020909,20172018,R,10,17,away win REG
2017020995,20172018,R,30,21,home win REG
2017020276,20172018,R,3,16,home win REG
2017020714,20172018,R,12,17,away win REG
2017020044,20172018,R,9,23,away win SO
2017020938,20172018,R,21,22,home win OT
2017020752,20172018,R,15,13,away win REG
2017020913,20172018,R,15,7,away win REG
2017020618,20172018,R,2,4,home win REG
2017020720,20172018,R,23,22,home win REG
2017021252,20172018,R,21,28,home win REG
2017020785,20172018,R,21,22,away win OT
2017020878,20172018,R,13,23,away win REG
2017021181,20172018,R,30,18,home win SO
2017020042,20172018,R,4,18,home win REG
2017020066,20172018,R,15,4,home win REG
2017020233,20172018,R,6,3,home win REG
2017020994,20172018,R,17,52,home win REG
2017020428,20172018,R,4,22,away win REG
2017020095,20172018,R,23,6,home win REG
2017020602,20172018,R,14,10,away win REG
2017020796,20172018,R,17,13,home win REG
2017020152,20172018,R,19,12,away win REG
2017020825,20172018,R,22,26,home win REG
2017021142,20172018,R,10,18,away win REG
2017021077,20172018,R,26,53,home win SO
2017020290,20172018,R,3,29,home win REG
2017020131,20172018,R,26,9,away win SO
2017020493,20172018,R,26,3,home win REG
2017021193,20172018,R,13,9,home win OT
2017021177,20172018,R,12,1,home win REG
2017020858,20172018,R,20,2,away win REG
2017020951,20172018,R,5,13,home win REG
2017020036,20172018,R,15,14,home win OT
2017021262,20172018,R,1,15,home win REG
2017020353,20172018,R,14,5,home win REG
2017020158,20172018,R,3,8,home win REG
2017020394,20172018,R,54,52,home win REG
2017020551,20172018,R,4,29,home win SO
2017020922,20172018,R,18,17,away win REG
2017020323,20172018,R,4,2,home win OT
2017020554,20172018,R,21,53,away win REG
2017021026,20172018,R,12,30,home win REG
2017020425,20172018,R,30,26,home win REG
2017021058,20172018,R,30,22,home win REG
2017020326,20172018,R,3,12,away win REG
2017020461,20172018,R,25,3,away win SO
2017020651,20172018,R,3,54,home win REG
2017020048,20172018,R,6,21,home win REG
2017020781,20172018,R,24,9,home win OT
2017020936,20172018,R,15,13,home win REG
2017020815,20172018,R,15,29,away win REG
2017020075,20172018,R,7,26,home win REG
2017020773,20172018,R,2,10,home win REG
2017020333,20172018,R,52,26,away win REG
2017020053,20172018,R,25,18,home win REG
2017020310,20172018,R,29,7,away win REG
2017020223,20172018,R,15,7,home win REG
2017020286,20172018,R,19,22,away win REG
2017020963,20172018,R,23,53,away win REG
2017020849,20172018,R,16,30,home win REG
2017020110,20172018,R,18,3,home win REG
2017021004,20172018,R,2,5,home win OT
2017020121,20172018,R,19,54,home win OT
2017021242,20172018,R,3,2,home win REG
2017020294,20172018,R,22,25,home win REG
2017020730,20172018,R,7,20,away win OT
2017021140,20172018,R,22,9,away win REG
2017020505,20172018,R,14,21,away win REG
2017020435,20172018,R,25,19,home win REG
2017020974,20172018,R,18,52,away win REG
2017020547,20172018,R,16,1,home win REG
2017021036,20172018,R,54,17,away win REG
2017020151,20172018,R,52,29,home win OT
2017020257,20172018,R,2,19,away win REG
2017020968,20172018,R,54,26,home win OT
2017020479,20172018,R,15,6,away win REG
2017020210,20172018,R,5,23,home win REG
2017020298,20172018,R,10,8,away win REG
2017020695,20172018,R,15,1,home win OT
2017020673,20172018,R,4,1,away win REG
2017020654,20172018,R,23,15,home win REG
2017020664,20172018,R,20,14,away win REG
2017020344,20172018,R,18,19,away win REG
2017020636,20172018,R,12,6,home win REG
2017021249,20172018,R,54,22,home win REG
2017020967,20172018,R,23,21,home win REG
2017020818,20172018,R,23,13,home win REG
2017020756,20172018,R,29,53,away win REG
2017020016,20172018,R,3,10,home win REG
2017020153,20172018,R,18,16,away win REG
2017020957,20172018,R,22,26,away win REG
2017020198,20172018,R,1,22,home win REG
2017020211,20172018,R,18,26,away win OT
2017020183,20172018,R,1,23,away win REG
2017020649,20172018,R,14,17,away win REG
2017020946,20172018,R,4,9,away win REG
2017021236,20172018,R,54,23,away win SO
2017020125,20172018,R,17,7,home win REG
2017020925,20172018,R,6,22,away win REG
2017020321,20172018,R,10,13,home win SO
2017020238,20172018,R,53,19,home win SO
2017020579,20172018,R,4,14,away win REG
2017020309,20172018,R,13,24,home win REG
2017020690,20172018,R,25,17,away win REG
2017020385,20172018,R,25,16,away win OT
2017020678,20172018,R,53,28,home win OT
2017020743,20172018,R,52,28,away win OT
2017020470,20172018,R,22,29,away win REG
2017020646,20172018,R,28,52,home win REG
2017020415,20172018,R,4,20,away win REG
2017021235,20172018,R,53,20,away win REG
2017020488,20172018,R,18,22,away win REG
2017021132,20172018,R,53,7,away win REG
2017020661,20172018,R,30,16,away win REG
2017020546,20172018,R,9,13,home win REG
2017020376,20172018,R,25,54,away win REG
2017020439,20172018,R,29,1,away win REG
2017020873,20172018,R,15,52,home win OT
2017020262,20172018,R,1,16,away win REG
2017020024,20172018,R,25,19,home win REG
2017020417,20172018,R,1,29,away win REG
2017020886,20172018,R,24,16,away win REG
2017020975,20172018,R,20,25,home win REG
2017020894,20172018,R,26,7,away win REG
2017020026,20172018,R,54,53,away win OT
2017020615,20172018,R,16,3,away win REG
2017020267,20172018,R,7,5,home win OT
2017020421,20172018,R,18,25,away win REG
2017020522,20172018,R,15,25,away win OT
2017020541,20172018,R,8,20,away win REG
2017020572,20172018,R,10,53,away win REG
2017020725,20172018,R,3,26,home win REG
2017020224,20172018,R,19,1,away win REG
2017020724,20172018,R,28,24,away win REG
2017020336,20172018,R,21,30,home win SO
2017020343,20172018,R,10,12,away win REG
2017021169,20172018,R,13,2,away win REG
2017020148,20172018,R,15,23,home win REG
2017021243,20172018,R,12,4,home win REG
2017020099,20172018,R,1,9,away win OT
2017020672,20172018,R,6,8,away win SO
2017020350,20172018,R,2,9,away win REG
2017021028,20172018,R,15,24,home win REG
2017020653,20172018,R,52,7,away win REG
2017020244,20172018,R,5,15,home win REG
2017020476,20172018,R,25,2,away win REG
2017021032,20172018,R,4,6,home win REG
2017020871,20172018,R,19,18,home win OT
2017020265,20172018,R,25,12,home win REG
2017020253,20172018,R,29,17,away win SO
2017020094,20172018,R,8,26,home win REG
2017020592,20172018,R,26,23,away win REG
2017020104,20172018,R,23,7,away win REG
2017020184,20172018,R,10,24,away win REG
2017020855,20172018,R,23,25,away win REG
2017020328,20172018,R,16,14,home win OT
2017020924,20172018,R,26,52,away win REG
2017021178,20172018,R,2,9,away win REG
2017020607,20172018,R,1,19,home win SO
2017020259,20172018,R,52,53,away win REG
2017020828,20172018,R,8,4,home win REG
2017020448,20172018,R,21,13,away win REG
2017021095,20172018,R,28,20,away win REG
2017020770,20172018,R,26,25,away win REG
2017021083,20172018,R,10,7,away win REG
2017021067,20172018,R,9,13,away win REG
2017021027,20172018,R,21,16,home win OT
2017020400,20172018,R,7,5,home win REG
2017020168,20172018,R,5,52,home win REG
2017021234,20172018,R,18,13,home win REG
2017020078,20172018,R,7,24,away win REG
2017020035,20172018,R,16,10,home win OT
2017020533,20172018,R,9,14,home win SO
2017020594,20172018,R,14,29,away win REG
2017020123,20172018,R,26,10,home win REG
2017020753,20172018,R,21,19,home win REG
2017020327,20172018,R,20,29,home win OT
2017021223,20172018,R,7,10,home win REG
2017020657,20172018,R,13,19,away win REG
2017020999,20172018,R,29,24,home win REG
2017021035,20172018,R,7,9,away win SO
2017020692,20172018,R,28,53,away win SO
2017020434,20172018,R,52,13,home win REG
2017020834,20172018,R,54,28,away win REG
2017021002,20172018,R,16,26,away win REG
2017020436,20172018,R,4,23,away win REG
2017020080,20172018,R,14,17,away win REG
2017020363,20172018,R,4,5,home win OT
2017020389,20172018,R,9,2,away win REG
2017021018,20172018,R,53,22,home win OT
2017021049,20172018,R,54,7,away win SO
2017020663,20172018,R,12,15,away win REG
2017020808,20172018,R,24,10,home win REG
2017021115,20172018,R,1,24,home win REG
2017020068,20172018,R,12,52,home win REG
2017020568,20172018,R,54,24,away win REG
2017020487,20172018,R,28,20,away win REG
2017020985,20172018,R,1,13,home win REG
2017020014,20172018,R,13,14,home win REG
2017020702,20172018,R,53,18,home win SO
2017020088,20172018,R,53,25,home win REG
2017020023,20172018,R,30,12,home win SO
2017021199,20172018,R,53,26,home win REG
2017021130,20172018,R,23,54,home win REG
2017021055,20172018,R,5,10,home win REG
2017020338,20172018,R,14,15,home win REG
2017020002,20172018,R,19,5,away win OT
2017020931,20172018,R,30,1,away win REG
2017020025,20172018,R,29,16,home win REG
2017020640,20172018,R,24,20,home win REG
2017020793,20172018,R,9,4,away win SO
2017020082,20172018,R,5,3,away win OT
2017020693,20172018,R,8,6,home win REG
2017020190,20172018,R,29,13,away win REG
2017021213,20172018,R,7,18,away win REG
2017021151,20172018,R,54,21,home win SO
2017020264,20172018,R,28,26,away win REG
2017020460,20172018,R,15,2,home win REG
2017021072,20172018,R,25,8,home win REG
2017021008,20172018,R,4,13,home win REG
2017021149,20172018,R,24,52,home win OT
2017020409,20172018,R,9,52,home win REG
2017020666,20172018,R,20,13,away win REG
2017021162,20172018,R,26,22,home win REG
2017020213,20172018,R,17,22,away win REG
2017020850,20172018,R,4,53,away win SO
2017021153,20172018,R,17,10,home win REG
2017020458,20172018,R,7,19,home win OT
2017021250,20172018,R,53,23,home win OT
2017020634,20172018,R,22,25,home win REG
2017020297,20172018,R,12,7,away win REG
2017021073,20172018,R,9,14,away win REG
2017020085,20172018,R,23,9,away win REG
2017020899,20172018,R,10,5,home win REG
2017020440,20172018,R,3,15,home win REG
2017021144,20172018,R,26,21,away win REG
2017020170,20172018,R,54,2,home win REG
2017021085,20172018,R,29,4,away win REG
2017020928,20172018,R,25,24,home win REG
2017021117,20172018,R,18,7,away win REG
2017020299,20172018,R,2,14,away win REG
2017020378,20172018,R,9,8,home win REG
2017020308,20172018,R,26,54,home win REG
2017020032,20172018,R,21,6,away win REG
2017021068,20172018,R,19,24,away win REG
2017020751,20172018,R,16,17,away win REG
2017020944,20172018,R,28,16,home win REG
2017021106,20172018,R,30,53,away win REG
2017020516,20172018,R,12,10,home win REG
2017021052,20172018,R,53,21,home win REG
2017020215,20172018,R,8,16,away win REG
2017020392,20172018,R,28,13,away win REG
2017020683,20172018,R,25,6,away win OT
2017020232,20172018,R,30,10,home win REG
2017020779,20172018,R,10,3,away win REG
2017020801,20172018,R,30,25,home win REG
2017020713,20172018,R,10,9,away win REG
2017020252,20172018,R,21,9,home win REG
2017021079,20172018,R,5,3,home win OT
2017020686,20172018,R,2,8,away win OT
2017020844,20172018,R,9,10,home win REG
2017020976,20172018,R,26,54,away win REG
2017020029,20172018,R,4,24,away win OT
2017020241,20172018,R,14,26,away win REG
2017020499,20172018,R,26,2,home win OT
2017020489,20172018,R,14,53,away win REG
2017021020,20172018,R,17,6,home win OT
2017020633,20172018,R,19,4,home win REG
2017020406,20172018,R,16,25,home win SO
2017020784,20172018,R,14,20,away win REG
2017020142,20172018,R,26,8,away win REG
2017020947,20172018,R,21,20,home win REG
2017020517,20172018,R,6,7,away win REG
2017021029,20172018,R,20,7,away win REG
2017020700,20172018,R,19,9,away win REG
2017020418,20172018,R,19,8,away win REG
2017020368,20172018,R,23,2,home win REG
2017021056,20172018,R,3,13,home win SO
2017020513,20172018,R,26,4,away win REG
2017020273,20172018,R,54,22,home win REG
2017020709,20172018,R,1,4,home win REG
2017021266,20172018,R,19,21,home win REG
2017020225,20172018,R,22,2,away win OT
2017021089,20172018,R,16,52,home win REG
2017021048,20172018,R,16,6,home win REG
2017020639,20172018,R,3,53,away win SO
2017020174,20172018,R,14,13,away win REG
2017020420,20172018,R,2,14,home win REG
2017020583,20172018,R,19,25,home win REG
2017020767,20172018,R,8,19,home win REG
2017020332,20172018,R,54,24,away win REG
2017020859,20172018,R,4,54,away win REG
2017020901,20172018,R,17,18,away win REG
2017020187,20172018,R,2,15,home win REG
2017020175,20172018,R,26,19,home win REG
2017021240,20172018,R,30,24,home win REG
2017020880,20172018,R,3,2,home win REG
2017020966,20172018,R,10,14,home win SO
2017020774,20172018,R,28,17,home win SO
2017020970,20172018,R,1,5,away win REG
2017021230,20172018,R,4,2,home win REG
2017021253,20172018,R,9,5,home win REG
2017021136,20172018,R,14,2,away win REG
2017020011,20172018,R,53,24,home win REG
2017021182,20172018,R,6,52,home win SO
2017020497,20172018,R,3,6,away win OT
2017020373,20172018,R,16,18,home win REG
2017020130,20172018,R,13,8,home win REG
2017020275,20172018,R,20,17,home win REG
2017021116,20172018,R,29,6,away win OT
2017020612,20172018,R,24,23,away win REG
2017020524,20172018,R,8,23,away win REG
2017020356,20172018,R,20,21,away win REG
2017020629,20172018,R,28,9,home win OT
2017021185,20172018,R,24,23,home win REG
2017021217,20172018,R,28,54,home win REG
2017020287,20172018,R,54,23,away win REG
2017020495,20172018,R,28,23,home win OT
2017020887,20172018,R,8,53,home win REG
2017020073,20172018,R,9,22,away win REG
2017020279,20172018,R,12,2,home win REG
2017020512,20172018,R,24,1,home win REG
2017020501,20172018,R,52,19,home win REG
2017021086,20172018,R,5,8,away win REG
2017020313,20172018,R,52,18,home win REG
2017020619,20172018,R,12,5,away win REG
2017020347,20172018,R,28,54,home win OT
2017020351,20172018,R,1,17,away win OT
2017021013,20172018,R,17,30,home win REG
2017020842,20172018,R,22,24,home win REG
2017020906,20172018,R,22,21,away win REG
2017021009,20172018,R,18,21,away win OT
2017020508,20172018,R,30,16,home win REG
2017020543,20172018,R,17,6,home win REG
2017020452,20172018,R,54,25,away win REG
2017020362,20172018,R,13,1,away win REG
2017020620,20172018,R,14,8,home win SO
2017020829,20172018,R,18,9,home win OT
2017020422,20172018,R,7,21,away win REG
2017021258,20172018,R,9,6,home win REG
2017021254,20172018,R,7,14,home win REG
2017021247,20172018,R,6,13,home win REG
2017020017,20172018,R,17,9,away win SO
2017021216,20172018,R,22,20,home win REG
2017020868,20172018,R,9,5,home win REG
2017021110,20172018,R,22,14,home win REG
2017020070,20172018,R,29,30,away win OT
2017020933,20172018,R,3,8,home win REG
2017020874,20172018,R,16,54,home win REG
2017020270,20172018,R,15,18,home win REG
2017020008,20172018,R,15,9,away win SO
2017020998,20172018,R,9,54,away win REG
2017021045,20172018,R,20,9,away win REG
2017020357,20172018,R,52,28,home win REG
2017020169,20172018,R,15,20,home win REG
2017020472,20172018,R,20,30,home win SO
2017020553,20172018,R,18,25,home win SO
2017020897,20172018,R,22,53,home win REG
2017020891,20172018,R,2,12,away win REG
2017020680,20172018,R,20,12,away win REG
2017020717,20172018,R,5,28,home win REG
2017020300,20172018,R,16,5,away win REG
2017020875,20172018,R,53,28,away win REG
2017020907,20172018,R,1,12,away win OT
2017020364,20172018,R,29,8,home win REG
2017020856,20172018,R,21,7,away win REG
2017021096,20172018,R,17,24,home win REG
2017020335,20172018,R,2,4,away win OT
2017020468,20172018,R,10,4,home win REG
2017020958,20172018,R,6,7,home win REG
2017020739,20172018,R,7,22,away win REG
2017020705,20172018,R,54,13,home win OT
2017020437,20172018,R,9,26,home win OT
2017020346,20172018,R,26,53,home win OT
2017020478,20172018,R,18,23,away win REG
2017021154,20172018,R,15,8,away win REG
2017020484,20172018,R,10,30,home win REG
2017020177,20172018,R,10,28,home win REG
2017020521,20172018,R,52,18,away win REG
2017021064,20172018,R,54,4,away win REG
2017020979,20172018,R,7,14,away win OT
2017021103,20172018,R,4,12,away win REG
2017021173,20172018,R,53,14,away win REG
2017020463,20172018,R,13,17,away win OT
2017020939,20172018,R,20,53,away win REG
2017020593,20172018,R,10,54,home win REG
2017020010,20172018,R,5,16,home win REG
2017020135,20172018,R,16,54,home win REG
2017020585,20172018,R,16,22,away win OT
2017020611,20172018,R,26,22,away win REG
2017020912,20172018,R,30,2,away win REG
2017020750,20172018,R,6,9,away win REG
2017020483,20172018,R,24,19,away win REG
2017020108,20172018,R,30,52,home win REG
2017020915,20172018,R,9,18,home win REG
2017020027,20172018,R,52,20,home win REG
2017020798,20172018,R,29,2,home win REG
2017020408,20172018,R,26,16,away win REG
2017020260,20172018,R,23,28,home win REG
2017021245,20172018,R,5,29,away win OT
2017020559,20172018,R,17,1,home win REG
2017021034,20172018,R,21,29,home win OT
2017020507,20172018,R,19,52,home win REG
2017020500,20172018,R,25,4,home win OT
2017021099,20172018,R,22,13,away win REG
2017020632,20172018,R,54,16,away win REG
2017020266,20172018,R,19,20,home win REG
2017020642,20172018,R,1,2,home win SO
2017020060,20172018,R,24,21,home win REG
2017021141,20172018,R,15,17,away win REG
2017020608,20172018,R,13,30,home win REG
2017020872,20172018,R,3,30,home win REG
2017020052,20172018,R,19,13,home win REG
2017020989,20172018,R,29,26,home win REG
2017020898,20172018,R,1,14,away win REG
2017020069,20172018,R,21,25,home win REG
2017020443,20172018,R,30,24,away win OT
2017020864,20172018,R,20,6,home win REG
2017020574,20172018,R,54,26,away win OT
2017020229,20172018,R,54,8,home win REG
2017021131,20172018,R,1,28,home win REG
2017020591,20172018,R,30,18,home win REG
2017020567,20172018,R,53,21,away win REG
2017021188,20172018,R,4,21,away win REG
2017020732,20172018,R,1,6,home win REG
2017020656,20172018,R,12,14,home win REG
2017020575,20172018,R,20,28,home win SO
2017021031,20172018,R,53,23,away win REG
2017020186,20172018,R,54,6,home win REG
2017021167,20172018,R,24,22,away win OT
2017020379,20172018,R,24,19,away win REG
2017020996,20172018,R,3,20,away win REG
2017020230,20172018,R,23,20,away win REG
2017020147,20172018,R,25,22,home win REG
2017021057,20172018,R,1,18,away win SO
2017020106,20172018,R,15,17,away win OT
2017020892,20172018,R,21,52,home win REG
2017020366,20172018,R,24,16,home win REG
2017020490,20172018,R,5,54,home win REG
2017020402,20172018,R,10,23,home win REG
2017021176,20172018,R,20,26,home win REG
2017020965,20172018,R,4,8,away win SO
2017020033,20172018,R,19,2,away win SO
2017020571,20172018,R,4,13,home win REG
2017020049,20172018,R,2,24,home win REG
2017020143,20172018,R,4,9,home win REG
2017021203,20172018,R,16,21,home win REG
2017020557,20172018,R,26,28,home win REG
2017020665,20172018,R,23,29,away win REG
2017020018,20172018,R,14,13,home win REG
2017020021,20172018,R,18,5,home win REG
2017020193,20172018,R,25,52,home win REG
2017020530,20172018,R,3,1,home win SO
2017020355,20172018,R,54,53,away win REG
2017020954,20172018,R,16,29,home win REG
2017020352,20172018,R,16,13,away win REG
2017021012,20172018,R,52,12,away win REG
2017020945,20172018,R,23,54,home win REG
2017021251,20172018,R,30,26,home win OT
2017021260,20172018,R,2,17,away win OT
2017020166,20172018,R,15,22,away win REG
2017020830,20172018,R,23,14,home win REG
2017020227,20172018,R,13,12,home win REG
2017020704,20172018,R,5,26,away win REG
2017020726,20172018,R,21,10,away win REG
